Skin type,Product,Concern,product_url,product_pic
Dry,Venusia Max Intensive Moisturizing Cream,"Acne,Hydration",https://dermatics.in/products/venusia-max-intensiv-moisturizing-cream-150gm-for-dry-and-very-dry-skin?variant=42218979492093&currency=INR&utm_medium=product_sync&utm_source=google&utm_content=sag_organic&utm_campaign=sag_organic&gad_source=1,https://dermatics.in/cdn/shop/files/VENUSIA_4-01.webp?v=1694864870&width=823
"Oily,Combination",Saslic Foaming Face Wash,Whitehead/Blackhead,https://dermatics.in/products/cipla-saslic-foaming-face-wash-60-ml?variant=40862564909218&currency=INR&utm_medium=product_sync&utm_source=google&utm_content=sag_organic&utm_campaign=sag_organic&gad_source=1,https://dermatics.in/cdn/shop/files/saslic-foam-face-wash.jpg?v=1701779458&width=823
Dry,The Derma Co 1% Hyaluronic Sunscreen Aqua Ultra Light Gel with SPF 50 PA++++,Sun protection,https://amzn.to/464QBwM,https://m.media-amazon.com/images/I/51x3cj+-iUL._SL1200_.jpg
Dry,Hyalugel,Hydration,https://www.amazon.in/Hyalugel-Hyaluronic-Acid-Gel/dp/B00VNL1IHY,https://thebeautyinsideout.com/wp-content/uploads/2023/12/Hyalugel.webp
Normal,Himalaya Neem Face Wash,Pimples,https://himalayawellness.in/products/himalaya-purifying-neem-face-wash,https://himalayawellness.in/cdn/shop/files/100-ml_1800x1800.jpg?v=1705376827
Normal,Mamaearth Ubtan Face Wash with Turmeric & Saffron for Tan Removal,Pigmentation,https://mamaearth.in/product/ubtan-face-wash-with-turmeric-saffron-for-tan-removal-150-ml,https://images.mamaearth.in/catalog/product/1/-/1-wid-ingredients.jpg?fit=contain&height=600
Normal,Kama Ayurveda Pure Rosewater,"Hydration,Irritation",https://www.kamaayurveda.in/pure-rose-water.html?utm_source=google&utm_medium=cpc&utm_campaign=KA_PerformanceMax_EyeContour&gad_source=1&gclid=Cj0KCQiA5-uuBhDzARIsAAa21T9SdKRxr4J1lS2DWBO8Pc5fvPpI8E004K6qbv1nRWbKqtWPV8FIOVMaAgPLEALw_wcB,https://sslimages.shoppersstop.com/sys-master/images/he2/hf5/15036541370398/9869167_UNMAPPED.jpg_136Wx204H
Normal,Simple Kind to Skin Moisturizing Facial Wash,"Hydration, Irritation",https://www.simpleskincare.com/us/en/products/cleansers/kind-to-skin-moisturizing-facial-wash.html,https://www.simpleskincare.com/sk-eu/content/dam/brands/simple/canada_united_statesofamerica/2322887-087300700076-01.jpg.rendition.680.680.jpg
Dry,Emolene,Hydration,https://pharmeasy.in/online-medicine-order/emolene-cream-100gm-10991?pincode=600056,https://assets.truemeds.in/Images/ProductImage/TM-COOM1-002754/EMOLENE-CREAM-100-GM_1.webp
Dry,Requil Ceramide and Hyaluronic acid moisturizer,Hydration,https://www.reequil.com/products/ceramide-hyaluronic-acid-moisturiser-for-normal-to-dry-skin?variant=32318313791620&currency=INR&utm_medium=product_sync&utm_source=google&utm_content=sag_organic&utm_campaign=sag_organic&gad_source=1&gclid=Cj0KCQiA5-uuBhDzARIsAAa21T9PTTnZe-Ei_eTypZ28QZn0BrTzN3PhI--m_snHhkVltD3jks-cQagaAu5KEALw_wcB,https://cdn3.foxy.in/media/product_category/transparent_image/856/untitled_design_7.png?nan=nan&format=png&width=512
Dry,Simple replenishing rich moisturiser,Hydration,https://www.simpleskincare.in/products/replenishing-rich-moisturiser-with-glycerin-pro-vit-b5-125ml,https://www.simpleskincare.in/cdn/shop/files/27276_S1-8901030954122_1000x1000.jpg?v=1691569143
"Dry,Oily,Normal,Combination,Sensitive",Foxtale One Zit Wonder Acne Spot Corrector Gel,Acne,https://www.purplle.com/product/foxtale-one-zit-wonder-acne-spot-corrector-gel-15ml,"https://media6.ppl-media.com//tr:h-750,w-750,c-at_max,dpr-2/static/img/product/364556/foxtale-one-zit-wonder-acne-spot-corrector-gel-15ml_1_display_1694434088_af8fcd3a.jpg"
"Sensitive,Oily","RE' EQUIL Oxybenzone and OMC Free Sunscreen For Oily, Sensitive & Acne Prone Skin, SPF 50 ",Sun protection,https://amzn.to/3cDuELu,https://m.media-amazon.com/images/I/61G2-cfMdwL._SL1500_.jpg
Oily,Dr. Sheth's Haldi & Hyaluronic Acid Sunscreen,Sun protection,https://www.drsheths.com/products/haldi-hyaluronic-acid-sunscreen-50-g,https://www.drsheths.com/cdn/shop/files/white-BG-only_1_600x.jpg?v=1696316754
"Dry,Oily,Normal,Combination,Sensitive","Minimalist 2% Salicylic Acid Serum For Acne, Blackheads & Open Pores","Acne,Whitehead/Blackhead",https://beminimalist.co/products/salicylic-acid-2,https://beminimalist.co/cdn/shop/products/SalicylicAcid2_1200-1-min_2048x.png?v=1646458899
Dry,2% Niacinamide & Rice Water SPF 50 PA+++ Hybrid Sunscreen,Sun protection,https://plumgoodness.com/products/plum-2-niacinamide-rice-water-spf-50-pa-sunscreen-reduces-blemishes-brightens-skin-protects-from-uva-uvb-rays-fragrance-free-all-skin-types-100-vegan?variant=40571613773884&currency=INR&utm_medium=product_sync&utm_source=google&utm_content=sag_organic&utm_campaign=sag_organic&gad_source=1&gclid=Cj0KCQiA5-uuBhDzARIsAAa21T_WgisbYWRWHmSzk4nQUxSGShGSNIQYak0Viz5nTlDrA3todIYpeLEaAqizEALw_wcB,"https://instamart-media-assets.swiggy.com/swiggy/image/upload/fl_lossy,f_auto,q_auto/07ea8f119d010c413b00d4fa8a8c3955"
"Combination,Oily",Dot & Key Watermelon Cooling SPF 50 Sunscreen,Sun protection,https://www.dotandkey.com/products/watermelon-cooling-spf-50-face-sunscreen,https://m.media-amazon.com/images/I/515m3DeXWhL.jpg
Oily,Klm Klin Face Wash,Acne,https://www.clinikally.com/products/klm-klin-face-wash,https://www.clinikally.com/cdn/shop/products/KlmKlinFaceWash_03.jpg?v=1666961809&width=1000
Dry,Evion Cream with Aloe Vera & Vitamin E (1%),Dark Spots,https://www.1mg.com/otc/evion-cream-with-aloe-vera-vitamin-e-1-for-skin-health-otc90624,"https://m.media-amazon.com/images/I/416YVL9gGaS._AC_UF1000,1000_QL80_.jpg"
"Oily,Combination",Moduseb Moist Moisturiser,Hydration,https://phimedy.com/products/moduseb-moist-moisturiser?variant=41215175295028&currency=INR&utm_source=GoogleSearch&utm_medium=&utm_content=c&utm_term=&utm_campaign=LL_Remarketing&gad_source=1&gclid=Cj0KCQiA5-uuBhDzARIsAAa21T95dG3cMtznfAS2mMn9NKxO7tiGLkLeBU1b3DF_qZMHXwVZ2ItryhMaAhYCEALw_wcB,https://phimedy.com/cdn/shop/products/1ModusebMoistMoisturiser.jpg?v=1673073139&width=1000
Dry,Rivela Tint Sunscreen Lotion SPF 50,Sun protection,https://www.clinikally.com/products/rivela-tint-sunscreen-lotion-spf-50,https://www.clinikally.com/cdn/shop/products/rivelatintspf50.jpg?v=1668422385&width=1000
Oily,Aziclear Anti Acne Facial Cleanser,Acne,https://www.clinikally.com/products/aziclear-anti-acne-facial-cleanser,https://www.clinikally.com/cdn/shop/products/AziclearAntiAcneFacialCleanser_01.jpg?v=1663071047&width=1000
Sensitive,Juniper Berry Oil Free Moisturiser,Pimples,https://aromamagic.com/products/juniper-berry-oil-free-moisturiser,https://aromamagic.com/cdn/shop/products/CM103086-1_900x.jpg?v=1681899528
Sensitive,Kama Aryuveda Nimrah Anti Acne Face Pack,Acne,https://www.kamaayurveda.in/nimrah-anti-acne-face-pack.html,"https://static.kamaayurveda.in/cdn-cgi/image/width=1080,format=auto/pub/media/catalog/product/cache/378129b977c0447474b52f397234ee02/n/i/nimrah-40g_3.png"
"Sensitive,Oily",Forest Essentials Delicate Facial Cleanser Kashmiri Saffron & Neem,Acne,https://www.forestessentialsindia.com/delicate-facial-cleanser-kashmiri-saffron-neem-new.html,https://img.forestessentialsindia.com/pub/media/catalog/product/cache/74c1057f7991b4edb2bc7bdaa94de933/8/8/8878-delicate-facial-cleanser-kashmiri-saffron-_-neem-200ml_fornt.png
Oily,Blynds SPF 40 sunscreen,Sun protection,https://www.amazon.in/Blynds-Emulgel-Sunscreen-Gel-50g/dp/B08TBW5NX7/ref=asc_df_B08TBW5NX7/?tag=googleshopdes-21&linkCode=df0&hvadid=396986085558&hvpos=&hvnetw=g&hvrand=15571254795346750795&hvpone=&hvptwo=&hvqmt=&hvdev=c&hvdvcmdl=&hvlocint=&hvlocphy=9062215&hvtargid=pla-1186180634044&psc=1&mcid=33431b857d743611b27a6cbef2e01d56&ext_vrnc=hi&gclid=Cj0KCQiA5-uuBhDzARIsAAa21T-qAfCjmT9zPoXCY-7aquJlWqL1vrJHj-fypkMn-DkiNxtcjmBjc7oaAk4yEALw_wcB,https://m.media-amazon.com/images/I/5194CGDq85L._SX522_.jpg
Normal,Dr.Sheth's Haldi & Hyaluronic Acid Sleeping Mask,Hydration,https://www.drsheths.com/collections/all/products/haldi-hyaluronic-acid-sleeping-mask,"https://m.media-amazon.com/images/I/61HIciizLsL._AC_UF1000,1000_QL80_.jpg"
Combination,Dr.Sheth's Liquorice & Lactic Acid Peel,Pigmentation,https://www.drsheths.com/collections/all/products/liquorice-lactic-acid-peel-30g,https://palette.tatacliq.com/_next/image?url=https%3A%2F%2Fimg.tatacliq.com%2Fimages%2Fi11%2F658Wx734H%2FMP000000017569274_658Wx734H_202305170149161.jpeg&w=3840&q=75
"Normal,Combination","Tamanu, Kakadu Plum and Frankincense Face Wash",Pigmentation,https://juicychemistry.com/products/tamanu-kakadu-plum-frankincense-organic-face-wash,https://juicychemistry.com/cdn/shop/files/Tamanu_KakaduPlumandFrankincenseFaceWash_100ml_1024x1024.jpg?v=1690279888
"Normal,Combination,Oily,Dry,Sensitive",Acnedew Anti Acne & Anti Pimple Cream,Pimples,https://www.1mg.com/otc/acnedew-anti-acne-anti-pimple-cream-otc750347,https://rukminim2.flixcart.com/image/850/1000/k6jnfrk0/moisturizer-cream/r/f/f/75-antiacne-antipimple-acnedew-cream-original-imafzzasfv4eqaqx.jpeg?q=20&crop=false
Dry,Deriva Cms Gel,Acne,https://www.1mg.com/drugs/deriva-cms-gel-156191,https://www.skinpharmacy.in/wp-content/uploads/2020/11/DERIVA-CMS-GEL-600x600.jpg
"Dry,Sensitive,Combination",Kojivit Ultra Gel,"Dark Spots,Pigmentation",https://www.1mg.com/otc/kojivit-ultra-gel-otc329851,https://www.clickoncare.com/cdn/shop/products/buy-kojivit-ultra-cream-8174779703.jpg?v=1681806294
"Normal,Oily",SBL Silk N Stay Aloe Vera Cream,Hydration,https://www.1mg.com/otc/sbl-silk-n-stay-aloe-vera-cream-for-normal-oily-skin-otc328964,"https://onemg.gumlet.io/l_watermark_346,w_480,h_480/a_ignore,w_480,h_480,c_fit,q_auto,f_auto/c0b4b163544a4e09868027b8c63c71ac.jpg"
Oily,Ultra-light Liquid Moisturiser,Hydration,https://www.simpleskincare.in/products/ultra-light-liquid-moisturiser-with-thyme-witch-hazel-60ml,https://www.simpleskincare.in/cdn/shop/files/11_1000x1000.jpg?v=1705059025
"Oily,Combination",Cerene Illuminating water cream,"Hydration,Broken barrier",https://www.worldofcerene.com/products/illuminating-water-cream,https://www.worldofcerene.com/cdn/shop/products/Blue.jpg?v=1653613147&width=1946
"Normal,Dry,Sensitive",Cerene Hydrating Cloud Cream,"Hydration,Broken barrier",https://www.worldofcerene.com/products/hydrating-cloud-cream,https://www.worldofcerene.com/cdn/shop/products/Orange.jpg?v=1665390508&width=1946
"Oily,Combination",Barrier Relief LIGHTWEIGHT CERAMIDE MOISTURIZER,"Hydration,Broken barrier",https://theformularx.com/products/barrier-relief-moisturizer,https://theformularx.com/cdn/shop/files/barrier_relief_ceramide_moisturizer.png?v=1708348211
Dry,Air Brush Facial ALL IN ONE LACTIC ACID EXFOLIATOR,"Hydration,Exfoliation",https://theformularx.com/products/air-brush-facial-lactic-acid-serum,https://theformularx.com/cdn/shop/files/AIRBRUSHFACIAL.jpg?v=1691583253
"Oily,Combination","2% BHA Exfoliator SALICYLIC ACID 2% + NIACINAMIDE
","Whitehead/Blackhead,Exfoliation",https://theformularx.com/products/2-bha-exfoliator-salicylic-acid-niacinamide,https://theformularx.com/cdn/shop/files/BHAEXFOLIATOR.jpg?v=1691584362
Combination,Amrit – Face Serum Mist- Hyaluronic & Probiotics,"Acne,Dark Spots",https://amayranatural.in/product/probiotics-hydrating-face-toner-mist-serum/,https://amayranatural.in/wp-content/uploads/2022/04/1-6.png
"Dry,Normal",Soultree Nourishing Cream - Saffron & Almond Oil with Natural Vitamin E,Hydration,https://www.soultree.in/collections/normal-skin-type/products/nourishing-cream-saffron-almond-oil-with-natural-vitamin-e-50g,https://m.media-amazon.com/images/I/31BzBVMtDzL._SR600%2C315_PIWhiteStrip%2CBottomLeft%2C0%2C35_PIStarRatingTHREEANDHALF%2CBottomLeft%2C360%2C-6_SR600%2C315_ZA574%2C445%2C290%2C400%2C400%2CAmazonEmberBold%2C12%2C4%2C0%2C0%2C5_SCLZZZZZZZ_FMpng_BG255%2C255%2C255.jpg
Oily,"Ilana Clarifying & Calming Night Gel with Niacinamide, Green Tea and Cica","Hydration,Broken barrier",https://vanitywagon.in/collections/ilana/products/ilana-clarifying-and-calming-night-gel-with-niacinamide-green-tea-and-cica,https://vanitywagon.in/cdn/shop/products/Ilana_Clarifying_Calming_Night_Gel_with_Niacinamide_Green_Tea_and_Cica-1_618x618.jpg?v=1668066032
"Oily,Combination",Kaya Purifying Cleanser - Acne Prone Skin - Salicylic Acid,Acne,https://www.kaya.in/kaya-acne-free-purifying-cleanser-50ml.html,"https://ik.imagekit.io/wlfr/wellness/images/products/352063-1.jpg/tr:w-3840,dpr-1,c-at_max,cm-pad_resize,ar-1210-700,pr-true,f-webp,q-80,l-image,i-Wellness_logo_BDwqbQao9.png,lfo-bottom_right,w-200,h-90,c-at_least,cm-pad_resize,l-end"
"Oily,Dry",PROTEGO 46 MINERAL SUNSCREEN,Sun protection,https://peaucare.in/products/protego-46-mineral-sunscreen-for-dry-skin,https://peaucare.in/cdn/shop/files/Peaucareimg.jpg?v=1704877173&width=800
Dry,Dr.Sheth's Shea Butter & Amino Acid Multitasking Cream ,Broken barrier,https://www.drsheths.com/collections/all/products/shea-butter-amino-acid-multitasking-cream-50g,https://www.drsheths.com/cdn/shop/files/SheaButterAminoAcid_1st.jpg?v=1702462884
Dry,Dr.Sheth's Centella & Niacinamide Serum,Broken barrier,https://www.drsheths.com/collections/all/products/centella-niacinamide-serum,https://www.drsheths.com/cdn/shop/products/Image.jpg?v=1668337489
Sensitive,Vitamin C Brightening Serum VITAMIN C 10% + ARBUTIN 2% + NAG 2%,Pigmentation,https://theformularx.com/products/vitamin-c-10-arbutin-2-n-acetylglucosamine-2,https://theformularx.com/cdn/shop/files/vitamin_c_serum.jpg?v=1708351741
Dry ,Malazia HYDRA VEIL GEL MOISTURIZER ,Acne,https://theformularx.com/products/malazia-hydra-veil-gel-moisturizer,https://theformularx.com/cdn/shop/files/hydraveil_moisturizer.jpg?v=1708351794
"Dry,Sensitive",Barrier Plus PEPTIDE CERAMIDE MOISTURIZER,"Hydration,Broken barrier,Irritation",https://theformularx.com/products/peptide-ceramide-moisturizer-barrier-plus,https://theformularx.com/cdn/shop/files/barrier_plus_peptide_ceramide_moisturizer.png?v=1708348525
"Dry,Normal,Oily,Combination",6% AHA BHA Exfoliator 5% Glycolic acid + 1% Salicylic acid,"Whitehead/Blackhead,Exfoliation",https://theformularx.com/collections/treat/products/6-aha-bha-exfoliator-glycolic-salicylic-acid,https://theformularx.com/cdn/shop/files/AHABHAEXFOLIATOR.jpg?v=1691585215
"Oily,Dry",Dr.Sheth's Neem & Salicylic Acid Face Wash,"Whitehead/Blackhead,Acne",https://www.drsheths.com/collections/all/products/neem-salicylic-acid-face-wash,https://www.drsheths.com/cdn/shop/products/Neem-_-Salicylic-Acid-Face-Wash-1_77b0d08b-c841-4525-a0a0-b40c9caba88b.jpg?v=1681578426
"Dry,Normal",DOUSE BARRIER REPAIR FACE CREAM,Hydration,https://peaucare.in/products/douse-barrier-repair-face-cream,https://peaucare.in/cdn/shop/files/Douse.jpg?v=1705066668&width=800
Oily,INVISIBLE SUNSCREEN SPF 40 PA +++ SUNSCREEN FOR OILY SKIN,Sun protection,https://www.amazon.in/CleanseMe-Hydrating-Sensitive-Allantoin-Colloidal/dp/B092Q78ZVF?crid=3DMT6T0GG89NG&dib=eyJ2IjoiMSJ9.aat1fUJJhD_CJmT3Nd5TOBu2DuUUz4LKR6Ud7volTx4TN2in65YvwHInCJvaCLum7I0HvCQWug-pA5X1dKpcA-tQkeghlzZ28cI4nzF-xC20XooKy9b43IAbIS5AM9rBF1dgta5dTs2-hkG92Nen8wRAMn0F86NyFdSAsLhow8DBIh3NxtljkfTMMpVNvh0tS-9_y0zvwu1yBtJHHN6uoyAWITw3sZqBRdyRHptk2c29YTnqPLl4AKPfcqL5K5KGuOhS-UQiTGD1GdxqYNrF2JoblXl1nYQywx6ZG9Vg80g.SKY7vuvZxoesDOCnevBPycbFZyiLn0RC89wZ9ujw9F4&dib_tag=se&keywords=cleanse%2Bme&qid=1709181163&sprefix=cleanse%2Bm%2Caps%2C307&sr=8-5&th=1&linkCode=ll1&tag=thebeautyinout-21&linkId=c106d3cea95f337d5cc9c77a98e5ad83&language=en_IN&ref_=as_li_ss_tl,https://peaucare.in/cdn/shop/files/Invisiblesunscreen.jpg?v=1705062585&width=800
"Dry,Sensitive",NOURRIR CleanseMe Gentle Skin Cleanser Face wash,"Broken barrier,Hydration",https://www.forestessentialsindia.com/aloevera-juice-new.html,https://thebeautyinsideout.com/wp-content/uploads/2023/11/CleanseMe-Cleanser.jpg
Dry,Forest Essentials Aloevera Juice,Hydration,https://earthrhythm.com/products/vitamin-e-intense-nourish-cream-day,https://img.forestessentialsindia.com/pub/media/catalog/product/cache/0ee050c3ffc3555709b9bb6062f4d7e9/8/8/8891_aloevera_juice_130_ml_front_copy_1.png
Dry,Earth Rhythm VITAMIN E INTENSE NOURISH DAY CREAM,Broken barrier,,https://earthrhythm.com/cdn/shop/products/vitE.jpg?v=1685354937&width=1000
Normal,PHYTO CERAMIDE DEEP MOISTURIZER,Hydration,https://earthrhythm.com/products/phyto-ceramide-deep-moisturiser,https://earthrhythm.com/cdn/shop/products/PhytoCeramideMoisturiser.jpg?v=1666941556&width=1000
Normal,The Derma Co Pore Minimizing Priming Sunscreen with SPF 50 & PA+++ ,Pores,https://thedermaco.com/product/pore-minimizing-priming-sunscreen-with-spf-50-pa-for-open-pores-uva-uvb-protection-50g,https://images.thedermaco.com/catalog/product/1/0/1080x1080-4.jpg?auto=format&fit=contain&width=720&auto=compress
"Normal,Dry,Combination",The Derma Co 2% Salicylic Acid Serum ,"Whitehead/Blackhead,Acne",https://thedermaco.com/product/2-salicylic-acid-serum,https://images.thedermaco.com/catalog/product/1/s/1st.jpg?auto=format&fit=contain&width=720&auto=compress
"Normal,Dry,Combination,Oily,Sensitive","The Derma Co Pore Minimizing Face Serum with 4% Niacinamide, 5% PHA and p-REFINYL ",Pores,https://thedermaco.com/product/pore-minimizing-face-serum-with-4-niacinamide-5-pha-and-p-refinylr-30-ml,https://images.thedermaco.com/catalog/product/p/o/pore-minimizing-face-serum.jpg?auto=format&fit=contain&width=720&auto=compress
Dry,The Derma Co Pore Minimizing Daily Face Moisturizer with 3% Niacinamide 3% PHA and p-REFINYL,Pores,https://thedermaco.com/product/pore-minimizing-daily-face-moisturizer-with-3-niacinamide-3-pha-and-p-refinylr-50-g,https://images.thedermaco.com/catalog/product/p/o/pore-minimizing-moisturizer_2.jpg?auto=format&fit=contain&width=720&auto=compress
Oily,Green Tea Pore Cleansing Complete Range Combo with AHA BHA PHA Peel,Acne,https://plumgoodness.com/products/green-tea-pore-cleansing-complete-range-combo-with-aha-bha-pha-peel-fights-pimples-control-excess-oil-for-oily-acne-prone-skin-100-vegan?variant=40645606146108&currency=INR&utm_medium=product_sync&utm_source=google&utm_content=sag_organic&utm_campaign=sag_organic&gad_source=1&gclid=CjwKCAiAuYuvBhApEiwAzq_YiXYvBTJec7TuXBjcvzCCrH7yZ4tQy_8F0zeyEHq9OpURay3Ai6Lv0hoCA9UQAvD_BwE,https://plumgoodness.com/cdn/shop/files/01_4_27917af7-addd-44c1-9c48-08669a6ba020.jpg?v=1689146773&width=900
"Oily,Sensitive,Combination",The Derma Co 2% Niacinamide Oily Skin Cleanser ,"Pigmentation,Dark Spots",https://thedermaco.com/product/2-niacinamide-oily-skin-cleanser-for-sensitive-oily-combination-skin-125-ml,https://images.thedermaco.com/catalog/product/2/-/2-niacinamide_oily_skin_cleanser_for_sensitive_oily_combination_skin.png?auto=format&fit=contain&width=720&auto=compress
"Sensitive,Combination",The Derma Co Pore Minimizing Clay Daily Face Wash with 1% Niacinamide & 2% PHA ,Pores,https://thedermaco.com/product/pore-minimizing-clay-daily-face-wash-with-1-niacinamide-2-pha-100-ml,https://images.thedermaco.com/promotional/faq-image/Pore%20Minimizing%20Clay%20Daily%20Face%20Wash.jpg
"Normal,Sensitive",The Derma Co 2% Kojic Acid Cream,Pigmentation,https://thedermaco.com/product/kojic-acid-cream,https://images.thedermaco.com/promotional/faq-image/2_%20Kojic%20Acid%20Face%20Cream.jpg
Normal,Mamaearth Beetroot Hydraful Moisturizer With Beetroot & Hyaluronic Acid,Hydration,https://mamaearth.in/product/beetroot-hydraful-hyaluronic-acid-face-moisturizer-50ml,https://images.mamaearth.in/catalog/product/1/-/1-with-ingredients_4.jpg?format=auto&height=600
"Normal,Dry,Combination,Oily,Sensitive",The Derma Co 2% Hyalacalamine Hydrating Sunscreen For UVA/UVB Protection with SPF 50 & PA+++,Sun protection,https://thedermaco.com/product/2-hyalacalamine-hydrating-sunscreen-for-uva-uvb-protection-with-spf-50-pa-50g,https://images.thedermaco.com/promotional/2%25%20Hyalacalamine%20Hydrating%20Sunscreen%20For%20UVA%3AUVB%20Protection%20with%20SPF%2050%20-%20FAQ%20Image.jpg
"Normal,Dry,Combination,Oily,Sensitive",Kama Aryuveda Rose Jasmine Face Cleanser,Hydration,https://www.kamaayurveda.in/rose-jasmine-face-cleanser.html,"https://static.kamaayurveda.in/cdn-cgi/image/width=640,format=auto/pub/media/catalog/product/cache/378129b977c0447474b52f397234ee02/r/j/rj-face-cleanser_50ml_600x600px_1.png"
"Normal,Dry",Sun’nil Jojoba-Grapeseed Moisturising Sun Protection Lotion,"Sun protection,Broken barrier",https://www.justherbs.in/collections/sun-protection/products/sun-nil-jojoba-grapeseed-moisturising-sun-protection-lotion?variant=29251600875597,https://www.justherbs.in/cdn/shop/products/Sun_nilJojoba-GrapeseedMoisturisingSunProtectionLotion_1280x.jpg?v=1658402085
"Sensitive,Combination",Ethiglo Face Wash,"Pigmentation,Dark Spots",https://www.apollopharmacy.in/otc/ethiglo-face-wash-200g?utm_source=google&utm_medium=srnb&campaignid=17659451421&adgroupid=&keyword=&device=c&adtype=pla&product_id=ETH0217&utm_campaign=PMax_Pharma_Farming_Smart-Shopping_P2Cities&utm_content=%5Badgroup%5D&gad_source=1&gclid=CjwKCAiA6KWvBhAREiwAFPZM7qpRwvMD40O_H18NR2J06pM--Bg3eaop_cLhQ2JqRms8nISiVoyASBoCI84QAvD_BwE,https://m.media-amazon.com/images/I/519ArTw261L.jpg
"Normal,Dry,Combination,Oily,Sensitive",Melaglow Rich Cream,Dark Spots,https://dermatics.in/products/melaglow-rich-cream-20-gm?variant=43668185612541&currency=INR&utm_medium=product_sync&utm_source=google&utm_content=sag_organic&utm_campaign=sag_organic&gad_source=1,https://cdn.shopify.com/s/files/1/0594/0297/7442/files/MelaglowRichCream_01.webp?v=1703074734
Oily,ZitMoist Gel For Acne Prone Skin,Acne,https://dermatics.in/products/zitmoist-gel-for-acne-prone-skin-50gm?variant=40879422275746&currency=INR&utm_medium=product_sync&utm_source=google&utm_content=sag_organic&utm_campaign=sag_organic&gad_source=1,https://dermatics.in/cdn/shop/files/51K7z67K07L._SL1200.jpg?v=1704371359&width=823
"Normal,Dry,Sensitive",Dot & Key Barrier Repair Gentle Hydrating Face Wash,Broken barrier,https://www.dotandkey.com/products/dot-key-barrier-repair-gentle-hydrating-face-wash-with-5-essential-ceramides-hyaluronic-ph-5-5-fragrance-sulphate-free-for-sensitive-dry-skin?utm_source=google&utm_medium=paid&utm_campaign=18108354709&utm_content=&utm_term=&gadid=&gad_source=1&gclid=CjwKCAiA6KWvBhAREiwAFPZM7kgMoJfxXOwIigK9NaU7iJNuVfqeJfD5i1w0bfA76B7vvy63PZf28BoC_iUQAvD_BwE,https://m.media-amazon.com/images/I/51BRMqAlHEL.jpg
Oily,IPCA Acne-OC Sebum Regulating Moisturizer,"Acne,Hydration",https://www.clinikally.com/products/ipca-acne-oc-moisturiser?currency=INR&variant=41250887631011&utm_medium=cpc&utm_source=google&utm_campaign=Google%20Shopping&stkn=aa4fff04d0da&utm_campaign=P-Max&utm_source=Google&utm_medium=Shopping+Ad&gad_source=1&gclid=CjwKCAiA6KWvBhAREiwAFPZM7ni_s8i8raWQEBfP-0HZ93Zo2_9qjy411aW6vOjf2kz62fyTLf-OuRoC9twQAvD_BwE,https://www.clinikally.com/cdn/shop/products/ipcaacne-ocmoisturizer_03.jpg?v=1665216200&width=1000
"Normal,Dry,Combination,Oily,Sensitive",Glambak Skin Glowing & Rejuvenating Face Wash,Exfoliation,https://www.amazon.in/Glambak-Skin-Glowing-Rejuvenating-100gm/dp/B09VFDDBZ9/ref=asc_df_B09VFDDBZ9/?tag=googleshopdes-21&linkCode=df0&hvadid=586332797663&hvpos=&hvnetw=g&hvrand=13732075783628803494&hvpone=&hvptwo=&hvqmt=&hvdev=c&hvdvcmdl=&hvlocint=&hvlocphy=9040242&hvtargid=pla-1675315755781&psc=1&mcid=9aed500d45cd359187d735b331cac79a&gclid=CjwKCAiA6KWvBhAREiwAFPZM7sfWKh9gnJPg7nHg_AJ6EgfKjmnIXGaoitx2_xkUzv1fcqM9-TcLyBoCTZUQAvD_BwE,https://m.media-amazon.com/images/I/41N-esULktL.jpg
"Normal,Dry",AirGel NMF-15% Moisturiser,Hydration,https://mycosiq.com/products/airgel-nmf-15-moisturiser-for-dry-skin-100ml,https://mycosiq.com/cdn/shop/products/airgel-nmf-15-moisturiser-for-dry-skin-100ml-470764.jpg?v=1673130386&width=1100
"Normal,Dry,Combination,Oily",Foxtale Essentials Multivitamin Rose Mist & Toner,"Hydration,Broken barrier",https://www.nykaa.com/foxtale-essentials-multivitamin-rose-mist-toner/p/13237690?ptype=product&skuId=13237690&utm_content=ads&utm_source=GooglePaid&utm_medium=PLA&utm_campaign=PerformanceMaxSkin_P1Brands&gad_source=1&gclid=CjwKCAiA6KWvBhAREiwAFPZM7kjmTJrlTweH_U3_Kv8EDhAw-B3xihlGmEchuoed2pFsT3ObHNdGLBoCfhkQAvD_BwE,https://m.media-amazon.com/images/I/71Ym59-JfrL.jpg
Sensitive,Foxtale Hydrating Face Wash,Hydration,https://foxtale.in/collections/shop/products/the-daily-duet-cleanser?_gl=1*jvatjb*_up*MQ..&gclid=CjwKCAiA6KWvBhAREiwAFPZM7hCCGXSuFykKdcgc3hByTBJx_gxc77mwDsjxrZ3kZkmEUuOVkGyArxoCRj4QAvD_BwE,https://cdn.shopify.com/s/files/1/0609/6096/4855/files/Product_1_PNG_3.png?v=1683790703
Sensitive,Foxtale Acne Control Cleanser with Salicylic Acid,Acne,https://foxtale.in/collections/shop/products/acne-control-cleanser?_gl=1*15p3ss3*_up*MQ..&gclid=CjwKCAiA6KWvBhAREiwAFPZM7hCCGXSuFykKdcgc3hByTBJx_gxc77mwDsjxrZ3kZkmEUuOVkGyArxoCRj4QAvD_BwE,https://cdn.kindlife.in/images/detailed/115/1_cqhr-4r.jpg?t=1692435307
Sensitive,Dr.Sheth's Cica & Ceramide Overnight Repair Serum ,Broken barrier,https://www.drsheths.com/products/dr-sheths-cica-ceramide-overnight-repair-serum-30ml,"https://m.media-amazon.com/images/I/51t+j7V7g1S._AC_UF1000,1000_QL80_.jpg"
Dry,Elovera Cream,"Hydration,Broken barrier",https://pharmeasy.in/health-care/products/elovera-moisturizer-tube-of-75-g-11837?isSEM=True&utm_source=google&utm_medium=cpc&utm_campaign=DSA_Elovera_OTC_Brand&utm_adgroup=Elovera_Brand&gad_source=1&gclid=CjwKCAiA6KWvBhAREiwAFPZM7nF9VhtLx2_WJLiHuYAFU7k9UWyKfEEx3b-BQMv_QcTV5dkbti7yqhoCETQQAvD_BwE,https://cdn01.pharmeasy.in/dam/products_otc/241829/elovera-moisturizer-tube-of-75-g-2-1685975282.jpg?dim=700x0&dpr=1&q=100
"Normal,Dry,Combination,Oily,Sensitive",REJUGLOW Face Wash,"Pimples,Acne",https://www.amazon.in/REJUGLOW-Face-Wash-100-ml/dp/B08B57MKSL?th=1,https://www.emedbucket.com/emedpro_img/uploads/product/main/humaridawai/1624619776_125154_0.jpg
"Normal,Dry,Combination,Oily,Sensitive",Lotus Herbals ALPHAMOIST Skin Renewal Oil Free Moisturiser,Broken barrier,https://www.lotusherbals.com/products/alphamoist-skin-renewal-oil-free-moisturiser,https://www.lotusherbals.com/cdn/shop/products/Lotus-Herbals1556-copy_600x.png?v=1688805230
Combination,Dot & Key Vitamin C + E SPF 50 Sunscreen,Sun protection,https://www.dotandkey.com/products/dot-key-vitamin-c-e-spf-50-pa-face-sunscreen-for-glowing-skin-uv-protection-for-dull-skin,"https://m.media-amazon.com/images/I/51JDnu4MOvL._AC_UF1000,1000_QL80_.jpg"
Combination,Bello New Photostable Sunscreen Emulgel SPF 55+/PA++++,Sun protection,https://www.clinikally.com/products/bello-new-photostable-sunscreen-emulgel,https://www.clinikally.com/cdn/shop/products/BelloNewPhotostableSunscreenEmulgel_03.jpg?v=1660060644&width=1000
"Normal,Dry,Combination,Oily,Sensitive",Svashudhi Charcoal Face pack,"Whitehead/Blackhead,Pores",https://svashudhi.com/products/charcoal-pack,https://svashudhi.com/cdn/shop/files/CharcoalFacepack10801080_1024x1024.png?v=1690899749
"Oily,Combination",Zscreen Zinc Oxide Sunscreen Gel,Sun protection,https://pharmeasy.in/health-care/products/z-screen-sunscreen-gel-50ml-173540,https://www.cureka.com/wp-content/uploads/2019/11/Layer_19-5-1-600x600.jpg
"Normal,Dry,Combination,Oily,Sensitive",Elements Wellness 3 in 1 Face Wash  with Tea Tree Oil & Vitamin E,"Acne,Pimples",https://www.bigvalueshop.com/product/elements-wellness-3-in-1-face-wash/,https://www.bigvalueshop.com/wp-content/uploads/2020/11/Elements-Wellness-3-in-1-Face-Wash_cover-768x698.jpeg
"Normal,Dry,Combination,Oily,Sensitive",PURE ELEMENTS Neem Clove Anti Acne Face Wash Neemwash Neem & Clove Ultra Purifying Face Wash, Acne ,https://www.amazon.in/ELEMENTS-Clove-Neemwash-Ultra-Purifying/dp/B0B1ZXD73B/ref=sr_1_8?dib=eyJ2IjoiMSJ9.Efu80Gf5Em9RBxGB6jZy3V64Acb4dM5U0nzaLwIDtLt4R195jFpI85TYDfpmUdjo-52rr9WCUXVvgkr7a7e5EVgqfWd5YrP0pLe3BvHnYdhNUIeRR7CJxkdJuEVxVRk7JEQ_uN4ZtnUlJVE5FyeRLFHIEheCLti6gqFY9lw62tFyiVty9glDiDtWoI83mUxFUaDHrMYe6KsboD_yxgXi_Cy5OuBdy9Lsd5do4OMoSo0FkzEOVibX9b8BVfrXxBoYH6_yHpr-fehpGjWcWTe3TejFllqZ2MJFqb28XZE-Bp0.-_XoypLjpEOzsG9h1GehS_5ZxmuVTjJDfpjQqhg0WZ0&dib_tag=se&keywords=elements+face+wash&qid=1709867819&sr=8-8,https://m.media-amazon.com/images/I/61MrSL1SaIL._SX522_.jpg
Dry,Indus Valley Ultra Rich Replenishing Face Scrub ,Dark Spots,https://www.buyindusvalley.in/collections/scrubs/products/ultra-rich-replanishing-shea-butter-fruit-scrub,https://www.buyindusvalley.in/cdn/shop/products/FaceScrub.jpg?v=1643959302
"Normal, Oily, Sensitive, Dry, Combination",Kama Aryuveda Anti Acne Spot Corrector,Acne,https://www.kamaayurveda.in/anti-acne-spot-corrector.html,"https://static.kamaayurveda.in/cdn-cgi/image/width=640,format=auto/pub/media/catalog/product/cache/378129b977c0447474b52f397234ee02/a/n/anti-acne-spot-corrector-15ml-tube_600x600px.png"
Sensitive,Kama Aryuveda Sensitive Skin Cleansing Foam,"Irritation,Skin soothing",https://www.kamaayurveda.in/sensitive-skin-cleansing-foam.html,"https://static.kamaayurveda.in/cdn-cgi/image/width=640,format=auto/pub/media/catalog/product/cache/378129b977c0447474b52f397234ee02/n/e/new-mini-catalogue-images_sensitive-skin-cleansing-foam_800x800px.png"
Sensitive,Mamaearth Anti-Pollution Daily Face Cream ,Acne,https://trykiya.com/products/mamaearth-anti-pollution-daily-face-cream-80gm,https://trykiya.com/cdn/shop/products/10-anti-pollution-daily-face-cream-80gm-1.jpg?v=1674631392&width=823
Combination,La Pink White Haldi Ubtan Face Mask ,"Pigmentation,Acne",https://www.myntra.com/mask-and-peel/la+pink/la-pink-white-haldi-ubtan-face-mask-with-kesar-sandalwood--barley-extract---100gm/23906538/buy,"https://m.media-amazon.com/images/I/61TyjJgHmFL._AC_UF1000,1000_QL80_.jpg"
"Normal, Oily, Sensitive, Dry, Combination",Mcaffeine Hydra Repair Kombucha Tea Sunscreen SPF 50 PA++++ with Ceramides,"Sun protection,Hydration",https://www.mcaffeine.com/products/kombucha-hydra-repair-sunscreen-spf-50-pa-with-hyaluronic-acid-ceramide-50-ml,https://cdn01.pharmeasy.in/dam/products_otc/T44216/mcaffeine-kombucha-hydra-repair-sunscreen-spf-50-pa-50ml-2-1702875929.jpg
"Dry,Combination",Aquasoft FC Advanced Facial Cream,Irritation,https://www.clinikally.com/products/aquasoft-fc-advance-facial-cream?currency=INR&variant=44113696620791&utm_medium=cpc&utm_source=google&utm_campaign=Google%20Shopping&stkn=aa4fff04d0da&utm_campaign=P-Max&utm_source=Google&utm_medium=Shopping+Ad&gad_source=1&gclid=Cj0KCQiArrCvBhCNARIsAOkAGcXHfxdTAp2ayRm1HKsY9aaj8zG2ixMdzWtD_JqvBsDYadyOIXeVaXIaAjOAEALw_wcB,https://www.clinikally.com/cdn/shop/files/Aquasoftfcadvancedfacialcream60g_2.jpg?v=1699437254&width=1000
"Oily,Combination",Excela Moisturiser for Oily & Acne Prone Skin,Acne,https://www.clinikally.com/products/excela-moisturiser-for-oily-acne-prone-skin,https://www.clinikally.com/cdn/shop/products/Excelamoisturiser50g.jpg?v=1668666817&width=1000
"Sensitive,Oily",Acnemoist Cream ,Acne,https://www.1mg.com/otc/acnemoist-cream-for-sensitive-acne-prone-oily-skin-otc340541,https://images.apollo247.in/pub/media/catalog/product/A/C/ACN0181_1_3.jpg
Dry,Plum Grape Seed & Sea Buckthorn Renaissance Face Mask,"Irritation,Skin soothing",https://plumgoodness.com/products/grape-seed-sea-buckthorn-renaissance-face-mask,https://plumgoodness.com/cdn/shop/products/6.GSSBFaceMask-1.jpg?v=1630923727&width=900
"Normal,Combination",Plum Chamomile & White Tea Plush Night Souffle,Hydration,https://plumgoodness.com/products/chamomile-white-tea-plush-night-souffle,https://plumgoodness.com/cdn/shop/products/9.CWTNight-1.jpg?v=1630920190&width=900
Oily,Plum Phy Green Tea Face Mask,Acne,https://plumgoodness.com/products/phy-green-tea-face-mask-for-oily-acne-prone-skin,https://plumgoodness.com/cdn/shop/products/GT-Face-Mask_Website-Images_01.jpg?v=1689148743&width=900
"Normal,Dry,Combination","Plum Grape Seed & Sea Buckthorn Mild Foam Scrub
",Exfoliation,https://plumgoodness.com/products/grape-seed-sea-buckthorn-mild-foam-scrub-1,https://plumgoodness.com/cdn/shop/products/3.GSSBScrub-1.jpg?v=1630923703&width=900
"Oily,Combination",Plum Green Tea Gentle Revival Face Scrub,Exfoliation,https://plumgoodness.com/products/green-tea-gentle-revival-face-scrub,https://plumgoodness.com/cdn/shop/products/1.GTScrub-1.jpg?v=1630923648&width=900
"Normal,Dry,Combination,Oily,Sensitive",Plum Bulgarian Valley Rose Water Toner,"Skin soothing,Pores",https://plumgoodness.com/products/bulgarian-valley-rose-water-toner-100-ml,https://plumgoodness.com/cdn/shop/products/02whitebackground_2.png?v=1630923278&width=900
"Normal,Dry,Combination,Oily,Sensitive",Plum 3% PHA Toner with Blueberry,Pores,https://plumgoodness.com/products/pha-toner-with-blueberry,https://plumgoodness.com/cdn/shop/products/WBG_Front_c539682b-9500-45ce-90fb-4e601c3cddfd.jpg?v=1689138232&width=900
"Normal,Dry,Combination,Oily,Sensitive",Plum 1% Oat & Allantoin Deep Nourish Face Wash,Broken barrier,https://plumgoodness.com/products/1-oat-allantoin-deep-nourish-face-wash-nourishes-soothes-protects-skin-restores-skin-barrier-non-drying-with-vitamin-f-b5-100-vegan,https://m.media-amazon.com/images/I/61oB7c35MtL.jpg
"Dry,Normal,Sensitive",Plum Hello Aloe Caring Day Moisturizer,Skin soothing,https://plumgoodness.com/products/hello-aloe-caring-day-moisturizer,https://plumgoodness.com/cdn/shop/products/3.HAMoisturizer-1.jpg?v=1630925406&width=900
Combination,Pratha Beige Multani Clay,Whitehead/Blackhead,https://www.myntra.com/mask-and-peel/pratha/pratha-beige-multani-clay-/15533928/buy,https://5.imimg.com/data5/SELLER/Default/2021/3/TT/AH/TX/98413722/multani-clay-250x250.jpg
Oily,Tattvalogy Saraswati River Basin Dead Sea Mud Clay Face Mask ,Acne,https://www.myntra.com/mask-and-peel/tattvalogy/tattvalogy-cruelty-free--vegan-saraswati-river-basin-dead-sea-mud-clay-face-mask---175-g/19222500/buy,https://cdn.shopify.com/s/files/1/0328/8134/4651/products/Rhassoul-Clay-white-100g-1_384x384.jpg?v=1630041986
Dry,La Pink White Haldi Face Toner with Kakadu Plum,Acne,https://www.myntra.com/toner/la+pink/la-pink-ideal-bright-white-haldi-face-toner-with-kakadu-plum---100-ml/23916812/buy,https://rukminim2.flixcart.com/image/850/1000/xif0q/toner/n/q/u/100-ideal-bright-face-toner-100-microplastic-free-white-haldi-original-imagzfyhcgjsg54n.jpeg?q=20&crop=false
Dry,Ponds Super Light Gel Oil Free Moisturiser With Hyaluronic Acid + Vitamin E,Hydration,https://www.amazon.in/Moisturizer-Hyaluronic-Hydration-Non-Sticky-Instantly/dp/B09Z6TJP7Y,"https://m.media-amazon.com/images/I/510hKTXuPpL._AC_UF1000,1000_QL80_.jpg"
Dry,VELOMOSK Deep Moisturiser with Grapeseed Oil & Honey,Hydration,https://www.myntra.com/day-cream/velomosk/velomosk-deep-moisturiser-with-grapeseed-oil--honey-100-ml/18329050/buy,https://m.media-amazon.com/images/I/41AiZJAtI9L._SL1000_.jpg
Sensitive,Fixderma Cleovera Paraben Free Skin Moisturizer Cream with Aloe Vera,Skin soothing,https://www.myntra.com/day-cream/fixderma/fixderma-cleovera-paraben-free-skin-moisturizer-cream-with-aloe-vera---60gm/16804422/buy,https://m.media-amazon.com/images/I/41VI+e75dYL.jpg
"Normal,Dry,Combination,Oily,Sensitive","Luxura Sciences Salicylic Acid 2% Face Serum, Niacinamide Serum",Whitehead/Blackhead,https://www.amazon.in/dp/B08NVW51KQ/ref=cm_sw_r_cp_apa_glt_fabc_dl_53EWFCZ4GZAYPX8184F0,https://m.media-amazon.com/images/I/61mSd+KfhKL._SL1294_.jpg
"Oily,Combination",Deconstruct Breakout Control D.S. Serum,Whitehead/Blackhead,https://thedeconstruct.in/products/breakout-control-double-strength-serum,https://m.media-amazon.com/images/I/61J8X+XmNzL.jpg
"Normal,Dry,Combination,Oily,Sensitive",Lacto Calamine Face Toner With Cucumber,Irritation,"https://www.amazon.in/Lacto-Calamine-Cucumber-Niacinamide-hydrated/dp/B09S6L8ZPJ?crid=1O5GL5BBXB9GR&keywords=toner+oily+skin&qid=1697870060&sprefix=Toner+oi,aps,222&sr=8-7&linkCode=sl1&tag=1312199908-21&linkId=e427bd42b415a232d43eb0f6641b13d6&language=en_IN&ref_=as_li_ss_tl",https://m.media-amazon.com/images/I/51XfFgsBFjL._SL1500_.jpg
Oily,RE' EQUIL Oil Control Face Wash,"Broken barrier,Hydration","https://www.amazon.in/Reequil-Sulphate-Controls-Excessive-Production/dp/B07GKRYL18?crid=2DS1OC0LVKFMU&keywords=oily+skin+face+wash&qid=1697869959&sprefix=oily+skin+face+wash,aps,213&sr=8-12&linkCode=sl1&tag=1312199908-21&linkId=dc047d295eedacf31dedad4e84466263&language=en_IN&ref_=as_li_ss_tl",https://m.media-amazon.com/images/I/51T9AxpQefL._SL1500_.jpg
Combination,BeBodywise 1% Peptide & Ceramide Moisturizer,Broken barrier,https://bebodywise.com/product/1-peptide-ceramide-moisturizer,https://images-static.nykaa.com/media/catalog/product/8/c/8c1b8eeBEBOD00000008_1abc.jpg?tr=w-500
"Normal,Dry,Combination,Oily,Sensitive",BeBodywise Broad Spectrum SPF 30 Sunscreen,Sun protection,https://bebodywise.com/product/broad-spectrum-sunscreen,https://m.media-amazon.com/images/I/61XbOyaqdAL.jpg
Sensitive,Pure Bubbles Niacinamide & Zinc PCA Facewash,Acne,https://purebubblesskincare.com/products/niacinamide-zinc-pca-face-wash,https://purebubblesskincare.com/cdn/shop/products/niacinamide-zinc-pca-facewash-175342.jpg?v=1708783709&width=990
"Normal,Dry,Combination,Oily,Sensitive",Pure Bubbles Bamboo Charcoal Face Wash,Acne,https://purebubblesskincare.com/products/bamboo-charcoal-face-wash,https://purebubblesskincare.com/cdn/shop/products/bamboo-charcoal-face-wash-324536.jpg?v=1709792705&width=990
"Normal,Dry,Combination,Oily",Pure Bubbles 5% Vitamin C Brightening Skin Serum,Pigmentation,https://purebubblesskincare.com/products/vitamin-c-brightening-skin-serum-all-skin-types,"https://www.jiomart.com/images/product/original/rvslbwimed/pure-bubbles-skincare-vitamin-c-brightening-skin-serum-30-ml-product-images-orvslbwimed-p596484848-0-202303260653.png?im=Resize=(1000,1000)"
"Dry,Sensitive",Fixderma Shadow  SPF 50 + Cream,Sun protection,https://www.fixderma.com/products/shadow-sunscreen-for-dry-skin-spf-50-cream,https://www.skinpharmacy.in/wp-content/uploads/2020/11/SHADOW-SPF50-75GM.png
Oily,Fixderma Shadow Sunscreen A-Gel SPF 30,Sun protection,https://www.fixderma.com/products/shadow-sunscreen-a-gel-spf-30,https://m.media-amazon.com/images/I/41JB+DWOZ9L._SY300_SX300_.jpg
"Normal,Dry,Combination,Oily,Sensitive",Fixderma 10% Tranexamic Acid Pigment Correcting Face Serum,"Pigmentation,Dark Spots",https://www.fixderma.com/products/tranexamic-acid-serum-for-pigmentation,https://5.imimg.com/data5/SELLER/Default/2023/8/333346490/KQ/TS/HR/25501738/fixderma-pigment-correcting-face-serum-for-melasma-acne-spots-15g.jpg
"Dry,Combination,Oily,Sensitive",Suganda SQUALANE CLEANSING OIL,"Pores,Skin soothing",https://suganda.co/products/squalane-cleansing-oil?variant=39981780140107,https://suganda.co/cdn/shop/products/SCO_Final_1280x.jpg?v=1679744110
"Dry, Sensitive, Combination",Suganda HYDRATING OAT PHA CLEANSER,"Hydration,Irritation",https://suganda.co/products/hydrating-oat-pha-cleanser,https://suganda.co/cdn/shop/products/HydratingOatPHACleanser_1280x.jpg?v=1680262001
"Normal,Dry,Combination,Oily,Sensitive",Suganda TOTAL DEFENCE SUNSCREEN SPF 50 PA++++ with Antioxidants,"Sun protection,Irritation",https://suganda.co/products/total-defence-sunscreen?variant=40037479219275,https://suganda.co/cdn/shop/files/Slide_01copy_2_1280x.jpg?v=1689339568
"Normal,Dry,Combination,Oily,Sensitive",The Papaya Project Hydrating Face Serum,Hydration,https://thepapayaproject.com/products/hydrating-face-serum,https://halfcirclefull.com/cdn/shop/products/1_9af20fdd-be8f-4527-b3e9-755eb7efb38c.jpg?v=1669962151&width=1797
Dry,Be Minimalist SPF 50 Sunscreen Stick,Sun protection,https://beminimalist.co/products/spf-50-sunscreen-stick,https://beminimalist.co/cdn/shop/products/Stickmailimage-min_900x.png?v=1674808943
Dry ,Happier Sunscreen Stick SPF 50 PA+++,Sun protection,https://www.amazon.in/Happier-Sunscreen-Lightweight-Non-Greasy-Non-Sticky/dp/B0C3HWVB9J,https://m.media-amazon.com/images/I/61b1B+Q4+6L._SL1500_.jpg
"Normal,Dry,Combination,Oily,Sensitive",Dot & Key Strawberry Dew Sunscreen Stick SPF 50,Sun protection,https://www.dotandkey.com/products/strawberry-sunstick,"https://m.media-amazon.com/images/I/61eDvmIG1jL._AC_UF1000,1000_QL80_.jpg"
"Normal,Dry",AQUA SURGE® CLEAR SUNSTICK SPF 60 SUNSCREEN,Sun protection,https://earthrhythm.com/products/aqua-surge-sunstick-spf-60-sunscreen-stick?gad_source=1&gclid=Cj0KCQiArrCvBhCNARIsAOkAGcUzboxGkCv1SIkbrMZi3Obg3slFA92b-maxCByg19xADFcVMJy5PcsaAnUmEALw_wcB,https://images-static.nykaa.com/media/catalog/product/9/c/9c089ceEARAA00000402ab_1.jpg?tr=w-500
"Normal,Dry,Combination,Oily,Sensitive",La Shield Intense Hydrating Cream Probiotic Moisturizer,Hydration,https://www.nykaa.com/la-shield-intense-hydrating-cream-probiotic-moisturizer/p/7565348?skuId=7565344,"https://www.jiomart.com/images/product/original/rvmxbj1l98/la-shield-intense-hydrating-cream-probiotic-moisturizer-100-gm-product-images-orvmxbj1l98-p596813417-0-202212310312.jpg?im=Resize=(420,420)"
"Oily,Dry,Sensitive",Acnestar Clindamycin & Nicotinamide Gel,"Acne,Whitehead/Blackhead,Pimples",https://www.1mg.com/otc/acnestar-clindamycin-nicotinamide-gel-otc358988,"https://onemg.gumlet.io/l_watermark_346,w_480,h_480/a_ignore,w_480,h_480,c_fit,q_auto,f_auto/c2eac464265e488583204c45eea01e6d.jpg"
Dry,Angelskin Cream with 15% Glycerin,Broken barrier,https://www.1mg.com/otc/angelskin-cream-with-15-glycerin-for-dry-skin-otc321320,"https://onemg.gumlet.io/l_watermark_346,w_480,h_480/a_ignore,w_480,h_480,c_fit,q_auto,f_auto/cropped/fnm5bzi8jedrqwjyevug.png"
"Normal,Dry,Combination,Oily,Sensitive",Kozicare Skin Lightening Cream,"Pigmentation,Dark Spots",https://www.1mg.com/otc/kozicare-skin-lightening-cream-otc676131,https://cdn.fcglcdn.com/brainbees/images/products/zoom/11297882a.jpg
Dry,Sorilast Cream,"Exfoliation,Hydration",https://www.1mg.com/otc/sorilast-cream-otc846238,https://m.media-amazon.com/images/I/71v7NjSmMjL.jpg
"Normal,Oily,Dry",Bio:Cule Oil Clear Purifying Cleanser,"Pores,Hydration",https://biocule.com/products/oil-clear-purifying-cleanser?variant=41206065561715&currency=INR&utm_medium=product_sync&utm_source=google&utm_content=sag_organic&utm_campaign=sag_organic&gad_source=1&gclid=CjwKCAiA0bWvBhBjEiwAtEsoW1DtMWxGRcRcw6JkVpiD_MK0RVzJPVegFW7hv5Ky35elVNBJ-sYKEhoClZkQAvD_BwE,https://m.media-amazon.com/images/I/71DpTAt5piL.jpg
"Normal,Oily,Dry",Mul Secrets Wellness Hydrate Skin Hydration Mask,"Exfoliation,Hydration",https://www.amazon.in/Mul-Secrets-Brightening-Moisturiser-Hyaluronic/dp/B0CH8NZ29V/ref=asc_df_B0CH8NZ29V/?tag=googleshopdes-21&linkCode=df0&hvadid=666271895703&hvpos=&hvnetw=g&hvrand=1051787724762757732&hvpone=&hvptwo=&hvqmt=&hvdev=c&hvdvcmdl=&hvlocint=&hvlocphy=9040242&hvtargid=pla-2263811487094&psc=1&mcid=76a1253974ad3620a69493d262acf1f2,https://m.media-amazon.com/images/I/41JqT4ZNZcL._SL1262_.jpg
"Normal,Dry,Combination,Oily,Sensitive",Evermore Natural Cactus Gel,Skin soothing,"https://www.amazon.in/Evermore-nourishes-moisturizes-Formulated-properties/dp/B0BZS441M4?crid=2AGIF5E5FG0B5&keywords=evermore+cactus+gel&qid=1705587999&sprefix=Evermore+,aps,227&sr=8-4&linkCode=sl1&tag=samaptibanerj-21&linkId=c07a72cde3e973e180285cfdc575fef3&language=en_IN&ref_=as_li_ss_tl",https://m.media-amazon.com/images/I/51OtDZiMzsL._SL1200_.jpg
"Dry,Normal",Plum Squalane & Vitamin E Dewy-Bright Sunscreen SPF 50 PA+++,Sun protection,"https://www.amazon.in/Plum-Squalane-Vitamin-Dewy-Bright-Sunscreen/dp/B0CQ8GDFR4?crid=P8RDKN8ZQ7P0&keywords=plum+vitamin+e+sunscreen&qid=1705588236&sprefix=Plum+vitamin+e+suns,aps,380&sr=8-5&linkCode=sl1&tag=samaptibanerj-21&linkId=75692170008f7f2ac0e16af2fca9546e&language=en_IN&ref_=as_li_ss_tl",https://m.media-amazon.com/images/I/51z3aARgVwL._SL1100_.jpg
Oily,Pure Bubbles Skincare Barrier Reset Face-Gel Moisturiser,Broken barrier,"https://www.amazon.in/Pure-Bubbles-Skincare-Moisturiser-Lightweight/dp/B0C2BYFSV3?crid=1Q8O1FJYZ0Y06&keywords=pure+bubbles&qid=1695227694&sprefix=Pure+bubbl,aps,227&sr=8-6&linkCode=sl1&tag=samaptibanerj-21&linkId=514f6c08763ebae7d0b78c07119fadb1&language=en_IN&ref_=as_li_ss_tl",https://m.media-amazon.com/images/I/51rvDAYFPnL._SL1100_.jpg
"Oily,Dry",The Beauty Sailor Coffee Face Wash ,"Acne,Hydration",https://www.thebeautysailor.com/products/coffee-face-wash,https://www.thebeautysailor.com/cdn/shop/products/1_b7166b0a-5fd0-4c8f-9e08-156545bb57a6_1800x1800.webp?v=1678776176
Normal,The Beauty Sailor Chocolate Face Mask For Glowing Skin,"Pores,Skin soothing",https://www.thebeautysailor.com/products/chocolate-face-mask,https://www.thebeautysailor.com/cdn/shop/products/1_532520be-f3f1-4928-9719-2ea7c1942cff_1800x1800.webp?v=1678777351
Oily,The Beauty Sailor 2% Alpha-Arbutin Face Serum With Licorice,Pigmentation,https://www.thebeautysailor.com/products/alpha-arbutin-face-serum,https://www.thebeautysailor.com/cdn/shop/files/1_13ff57ec-6f75-4498-b6ea-d159628f08a1_1800x1800.webp?v=1709030780
Normal,PureEarth WILD ROSE HIMALAYAN MIST,Skin soothing,https://india.purearth.asia/collections/sensitive-allergic-post-surgery-irritated/products/wild-rose-himalayan-mist,https://india.purearth.asia/cdn/shop/files/rosemist100ml_1799x1799.png?v=1703930427
Normal,"Juicy Chemistry Saffron, Rose and Australian Sandalwood Face Scrub",Exfoliation,https://juicychemistry.com/products/saffron-rose-australian-sandalwood-organic-face-scrub?_gl=1*18hybbe*_up*MQ..&gclid=Cj0KCQjwwMqvBhCtARIsAIXsZpb0jr4uesg30h3aiCH1DGMydepES8mZOPnTrS3ZFMKg6g0sn8UcG0oaAnB6EALw_wcB,"https://m.media-amazon.com/images/I/617ZHGAZJEL._AC_UF1000,1000_QL80_.jpg"
Dry ,Juicy Chemistry Australian Sandalwood and Myrrh Night Cream,Skin soothing,https://juicychemistry.com/products/australian-sandalwood-myrrh-organic-night-cream?_gl=1*ji2umm*_up*MQ..&gclid=Cj0KCQjwwMqvBhCtARIsAIXsZpb0jr4uesg30h3aiCH1DGMydepES8mZOPnTrS3ZFMKg6g0sn8UcG0oaAnB6EALw_wcB,https://images-static.nykaa.com/media/catalog/product/5/9/5921b8enyjch00000087-1.jpg?tr=w-500
Oily , Juicy Chemistry Cold Pressed Rosehip Seed Carrier Oil,Dark Spots,https://juicychemistry.com/products/acne-rosehip-seed-carrier-oil-cold-pressed?_gl=1*iilqyb*_up*MQ..&gclid=Cj0KCQjwwMqvBhCtARIsAIXsZpb0jr4uesg30h3aiCH1DGMydepES8mZOPnTrS3ZFMKg6g0sn8UcG0oaAnB6EALw_wcB,"https://m.media-amazon.com/images/I/61OJsQqnsyL._AC_UF1000,1000_QL80_.jpg"
"Normal,Dry,Combination,Oily,Sensitive",Simple Active Skin Barrier Care Smoothing Gel Face Cleanser,"Broken barrier,Whitehead/Blackhead","https://www.amazon.in/Smoothing-Cleanser-Ceramide-Hyaluronic-exfoliates/dp/B0CHS5WQ3W?crid=1AYF67BF5IO4G&dib=eyJ2IjoiMSJ9.G16fn4CHd19XHTGhqy0cNNa8A96GSlgCA8OfntYZnhP8YUD-A7tMF2woG1FmLw8LQPZQG3a9ayz4lARYez1K-ItzR6VKqPOUCt97CHe11R67mcSnpeNZ-OIHuaHH9XnHtsp57GteEDbP2AjIdM_adVRNfJTYJg5mtjjWgkjCCQqwSSkAxfskeAczxg-zcS8bHuhWpEZhoyCYGtbZe5q9ZOlEQwP9yQLLX7KM7sYt3dyxdmy87bf3M5OtDvz7E8BiwGYG7yJwrCAvMbmTsUo0Lmpf-Bts4ApWpsZt4GlRD9E.f-Vkhil3C7eQuzjAo7NxCgs1m7tX1otFtXGJ86KpdBU&dib_tag=se&keywords=simple+lactic+acid&qid=1709831172&sprefix=Simple+lactic+,aps,237&sr=8-3&linkCode=sl1&tag=samaptibanerj-21&linkId=aa4fd371dfe6d662c1bf4380cd57d330&language=en_IN&ref_=as_li_ss_tl",https://m.media-amazon.com/images/I/41hoi0gVLiL._SL1000_.jpg
"Normal,Dry,Combination,Oily,Sensitive",The Derma Co 4% Ceramide Barrier Repair Moisturizer,Broken barrier,https://www.amazon.in/dp/B0CR1N95G6?starsLeft=1&ref_=cm_sw_r_cso_wa_apan_dp_VFX5VYXF8M6DNSEET5TG&utm_source=Social+Media&utm_medium=Youtube&utm_campaign=samapti_banerjee_2024_03_8904417311327,https://m.media-amazon.com/images/I/51-k1t-H-YL._SL1080_.jpg
"Normal,Dry,Combination,Oily,Sensitive",The True Therapy Retexturize 10% Glycolic Acid Toner,Pores,https://www.amazon.in/True-Therapy-Retexturize-Glycolic-Tightening/dp/B09R7LVW6S?crid=1ZBF2LOQSG7F4&keywords=true%2Btherapy%2Bglycolic%2Bacid%2Btoner&qid=1692110860&sprefix=True%2Btherapy%2Bgly%2Caps%2C282&sr=8-1-spons&sp_csd=d2lkZ2V0TmFtZT1zcF9hdGY&linkCode=sl1&tag=samaptibanerj-21&linkId=3a812f6a5942924d542deee8af5b8158&language=en_IN&ref_=as_li_ss_tl&th=1,https://m.media-amazon.com/images/I/61fDUDbRZsL._SL1500_.jpg
"Normal,Dry,Combination",Aqualogica Glow+ Jello Moisturiser with Vitamin C & Papaya for Illuminating Moisturization,Hydration,"https://www.amazon.in/Aqualogica-Moisturiser-Illuminating-Moisturization-Hydration/dp/B09TPDG3B9?crid=271KZQ6SIMQMN&keywords=Aqualogica+face+mask&qid=1692112257&sprefix=aqualogica+face+mask,aps,252&sr=8-1-spons&sp_csd=d2lkZ2V0TmFtZT1zcF9hdGY&psc=1&linkCode=sl1&tag=samaptibanerj-21&linkId=986694c29d8cf6057096abe97e5c69ed&language=en_IN&ref_=as_li_ss_tl",https://m.media-amazon.com/images/I/61ir4l4eg0L._SL1500_.jpg
"Normal,Dry,Combination,Oily,Sensitive",Conscious Chemist Berry Bright Pore Refining & Brightening Face Mask,Skin soothing,https://www.amazon.in/Conscious-Chemist-Refining-Niacinamide-Extracts/dp/B0B75QD6XT?crid=3C5T35NNTB51K&keywords=conscious%2Bchemist&qid=1671553526&sprefix=Consc%2Caps%2C253&sr=8-10&th=1&linkCode=sl1&tag=samaptibanerj-21&linkId=cf3f9ad89186fd1848793cc1e882dbb1&language=en_IN&ref_=as_li_ss_tl,https://m.media-amazon.com/images/I/71OzTo2M3WL._SL1500_.jpg
"Normal,Dry,Combination,Oily,Sensitive",Pilgrim Red Vine Face Mask with Mulberry & Rosehip Oil,"Pores,Skin soothing",https://discoverpilgrim.com/products/red-vine-face-mask-with-mulberry-rosehip-oil,https://discoverpilgrim.com/cdn/shop/products/RV-Face-Mask-White-BG.v2_1.jpg?v=1683283203&width=1000
"Normal,Dry,Combination,Oily,Sensitive",Pilgrim Volcanic Lava Ash Face Scrub with Yugdugu & White Lotus,"Whitehead/Blackhead,Pores",https://discoverpilgrim.com/products/volcanic-lava-ash-face-scrub-with-yugdugu-white-lotus,https://discoverpilgrim.com/cdn/shop/products/volcanic-lava-ash-face-scrub-with-yugdugu-white-lotus-320402.jpg?v=1683285515&width=1000
"Normal,Dry,Combination,Oily,Sensitive",Bangalore Bio-Plasgens Soundarya Complexion Cream,"Exfoliation,Pigmentation",https://www.1mg.com/otc/bangalore-bio-plasgens-soundarya-complexion-cream-otc388383?srsltid=AfmBOoqweKYB9iBGX1cRDnsgBknKXIc-puOA8ES9KWCedr_0iqFLic5z96w,"https://onemg.gumlet.io/l_watermark_346,w_480,h_480/a_ignore,w_480,h_480,c_fit,q_auto,f_auto/cropped/ifafcf4fjlfyodwny2nz.png"
Normal,SBL Neem Face Wash,Pimples,https://www.1mg.com/otc/sbl-neem-face-wash-otc342784,"https://onemg.gumlet.io/l_watermark_346,w_480,h_480/a_ignore,w_480,h_480,c_fit,q_auto,f_auto/cropped/pxfstrt7q8vvlwg703vv.png"
"Normal,Dry",Sunny Herbals Face Wash With Aloevera Calendula Neem And Tulsi,Skin soothing,https://www.1mg.com/otc/sunny-herbals-face-wash-with-aloevera-calendula-neem-and-tulsi-otc500859,"https://onemg.gumlet.io/l_watermark_346,w_480,h_480/a_ignore,w_480,h_480,c_fit,q_auto,f_auto/cropped/sxuczrecrc4o7pae6vwn.jpg"
"Normal,Oily",Melawash Face Wash,Pigmentation,https://www.1mg.com/otc/melawash-face-wash-for-hyperpigmentation-otc352131,"https://onemg.gumlet.io/l_watermark_346,w_480,h_480/a_ignore,w_480,h_480,c_fit,q_auto,f_auto/40b2f716f6654978af2e32136bcf6c66.jpg"
"Normal,Dry,Combination,Oily,Sensitive",Tvaksh Face Guard Silicone Sunscreen Gel SPF 30 PA+++,Sun protection,https://www.1mg.com/otc/tvaksh-face-guard-silicone-sunscreen-gel-spf-30-pa-broad-spectrum-uva-uvb-protection-otc329670,"https://onemg.gumlet.io/l_watermark_346,w_690,h_700/a_ignore,w_690,h_700,c_pad,q_auto,f_auto/93e89ac1576f466cb963629c8370249f.jpg"
"Normal,Dry","Mxofere Neem, Tulsi & Tea Tree Face Wash","Hydration,Skin soothing",https://www.1mg.com/otc/mxofere-neem-tulsi-tea-tree-face-wash-otc637336,"https://onemg.gumlet.io/l_watermark_346,w_480,h_480/a_ignore,w_480,h_480,c_fit,q_auto,f_auto/zyfywka6z5neqj8ey38x.jpg"
"Oily,Combination",Medfoam Foaming Face Wash,"Acne,Pores",https://www.1mg.com/otc/medfoam-foaming-face-wash-purifies-skin-prevents-acne-otc508065,https://res.fkhealthplus.com/incom/images/product/Medfoam-1578383926-10063546.jpg
"Normal,Dry,Combination,Oily,Sensitive",Depiclear Face Wash,"Skin soothing,Pores",https://www.1mg.com/otc/depiclear-face-wash-otc340712,https://images.apollo247.in/pub/media/catalog/product/D/E/DEP0188_1_1.jpg
"Normal,Dry,Combination,Oily,Sensitive",Aziderm Azelaic Acid Gel 10%,"Pigmentation,Acne",https://www.amazon.in/Aziderm-10-Tube-15-Gel/dp/B0842NYDMK?brandId=berry&crid=2J9JKBX0C2UR5&dib=eyJ2IjoiMSJ9._W-XzAhnwk0x4BJqRma8e7XBZxcYsx3iZ713whwQiU7yuRQbIpZVqGQOGV166VZbkepKYe0a0Uxz7n1rE-533m8a9CDpBF3Vc_9REutyUeknQ1YGNDFm-odVe1N-N9rGL6qPeUTJQGDmcu3Bfd-eu460Z2vtvG7HpCQx4KSOkBPGeUPNJDu6Of7xOKLeCjQaTfQIFBrmkqxH5A4k6ZrxITCpdIwvgowC4DZFt9Ru_nNqT_E--9H_KWzL_DsKVzou-ftjkM-gawo_B47HEOyYbKSBsEgBSG961xdDheCeQxM.6GOIbTsGkwEmakhorUniXi5poapTD12pm5eRlzs7ZDY&dib_tag=se&keywords=aziderm&qid=1709181913&sprefix=aziderm%2Caps%2C248&sr=8-1&linkCode=ll1&tag=thebeautyinout-21&linkId=5c1497a7a1466cae483249a143e70a6b&language=en_IN&ref_=as_li_ss_tl,https://m.media-amazon.com/images/I/71YLdEHuNhL._SL1500_.jpg
Sensitive,SensiSoothe Sunscreen SPF 50 PA++++ Mineral with Ceramides & Rice,Sun protection,https://trymoody.com/collections/sunscreen/products/moody-sensitve-sunscreen,https://trymoody.com/cdn/shop/files/DermaSunscreen.jpg?v=1704545155&width=1920
Oily,AcneXpert Mattifying SPF 50 PA +++ Niacinamide for Oil & Acne Control,Sun protection,https://trymoody.com/collections/sunscreen/products/acnexpert-green-tea-niacinamide-mattifying-oil-acne-control-spf-50-pa-sunscreen,https://trymoody.com/cdn/shop/files/AcneSunscreen_7857115d-aaa8-4463-b891-144d0874bbc5.jpg?v=1704546049&width=1920
Oily,Moody Vitamin C Brightening Face Moisturizer,Pigmentation,https://trymoody.com/collections/moisturizer/products/vitamin-c-brightening-face-moisturizer-with-mandarin-orange-kakadu-plum-oil-free-gives-smooth-skin-reduces-pigmentation-dark-spots-sun-damage-hydrating-men-women,https://trymoody.com/cdn/shop/files/VitCFaceMoisturiser.jpg?v=1704545810&width=1920
Oily,Moody Hydro Burst Water Gel Moisturizer,"Hydration,Skin soothing",https://trymoody.com/collections/moisturizer/products/moody-7d-hydro-burst-100hr-gel-moisturizer-with-hyaluronic-coconut-water,https://trymoody.com/cdn/shop/files/HydroGelMoisturiser.jpg?v=1704704878&width=1920
Oily,AcneXpert Foaming Face Wash Salicylic Acid & Green Tea,Pores,https://trymoody.com/collections/face-wash/products/acnexpert-foaming-face-wash-salicylic-acid-green-tea,https://trymoody.com/cdn/shop/files/AcneFaceWash_1f8bbe3a-6ec1-4ffb-b90a-d36f3b0f22c1.jpg?v=1704546504&width=1920
"Normal,Combination",Moody Vitamin C Brightening Face Wash,"Hydration,Dark Spots",https://www.amazon.in/Moody-Brightening-Hydrating-Mandarin-Extracts/dp/B0BDFTLMZJ,https://trymoody.com/cdn/shop/files/VitCFaceWash.jpg?v=1704704842&width=1920
"Normal,Combination",Regaliz Truderma Moisturizing Lotion,Irritation,https://www.1mg.com/otc/regaliz-truderma-moisturizing-lotion-otc474417?wpsrc=Google+Organic+Search,https://rukminim2.flixcart.com/image/850/1000/jq189e80/moisturizer-cream/w/u/q/150-truderma-moisturizing-lotion-150ml-lotion-regaliz-original-imafc4vgw66hgzdt.jpeg?q=90&crop=false
Oily,Papulex Oil-Free Cream,Acne,https://www.clinikally.com/products/papulex-oil-free-cream,https://www.clinikally.com/cdn/shop/products/Papulexcreammenarini.jpg?v=1670245326&width=700
Oily,Hydew Moisturiser,Acne,https://www.amazon.in/Dermaindia-Hydew-Moisturiser-50ML/dp/B0C7CC7PS7,https://m.media-amazon.com/images/I/413rS6E+sML.jpg
"Dry,Normal",Ceratop Cream,"Hydration,Skin soothing",https://www.1mg.com/otc/ceratop-cream-for-dry-skin-nourishes-hydrates-the-skin-otc376250?wpsrc=Google+Organic+Search,https://rukminim2.flixcart.com/image/1100/1300/xif0q/moisturizer-cream/l/k/w/100-cream-ceratop-cream-original-imaggbwbmxqgu9p7.jpeg?q=90&crop=false
"Dry,Normal,Combination",Conscious Chemist Pigmentation & Dark Spot Corrector Gel Cream,"Pigmentation,Dark Spots",https://consciouschemist.com/products/pigmentation-corrector-creme-lightweight-gel-cream-with-kojic-acid-tranexamic-niacinamide,https://consciouschemist.com/cdn/shop/files/097A8035_2x_717edd24-a6f0-4c11-a633-8921e3ebead5_800x.jpg?v=1695834394
"Normal,Dry,Combination,Oily,Sensitive",Plum Chamomile and White Tea Sheer Matte Day Cream SPF 50 PA+++,Sun protection,https://www.netmeds.com/non-prescriptions/plum-chamomile-and-white-tea-sheer-matte-day-cream-spf-50-mini-pack-15-ml,https://www.netmeds.com/images/product-v1/600x600/1023839/plum_chamomile_and_white_tea_sheer_matte_day_cream_spf_50_mini_pack_15_ml_0_0.jpg
"Normal,Dry,Combination,Oily,Sensitive",Rivona 2% Hyaluronic Acid and 3% Niacinamide Serum,"Dark Spots,Hydration",https://rivona.in/products/hyaluronic-acid-face-serum,https://smytten-image.gumlet.io/shop_item/RIV0063AB121.jpg
"Normal,Dry,Combination",Rivona Charcoal Exfoliating Face Wash with Rice Granules and Tea tree,"Pores,Exfoliation",https://rivona.in/products/rivona-naturals-charcoal-exfoliating-face-wash-pack-2,"https://m.media-amazon.com/images/I/61iQT+-M9lL._AC_UF1000,1000_QL80_.jpg"
Dry,Rivona HA Aqua Moisturizing Cream with 2% Hyaluronic Acid and Cucumber Extracts,Hydration,https://rivona.in/products/aqua-moisturizing-cream,https://m.media-amazon.com/images/I/61oD7RJIZ9L._SL1500_.jpg
"Normal,Dry,Combination,Oily,Sensitive",Rivona Pink Brightening Cream with Alpha Arbutin,Pores,https://rivona.in/products/bright-pink-cream,"https://m.media-amazon.com/images/I/61Z-J6GvrpL._AC_UF1000,1000_QL80_.jpg"
Sensitive,Rivona Mineral Sunscreen with SPF 50+ UVA UVB PA+++,Sun protection,https://rivona.in/products/copy-of-mineral-sunscreen,https://rivona.in/cdn/shop/files/minisunscreen.png?v=1698841807&width=1920
"Normal,Dry,Combination,Oily,Sensitive",WishCare 100% Pure & Natural Kannauj Rose Water,Skin soothing,https://www.amazon.in/WishCare%C2%AE-100-Pure-Natural-Water/dp/B08THR3X4K?crid=3A31RR2FP7WFG&dib=eyJ2IjoiMSJ9.3UQLXd03RFIllDBtGl6Al3F-rJPvMLbOFCTpdfNIarXZJAI8G247exDNYKG4Yn7Pa6wDuTML7IbxfC-vTPyVdvgt89_c_cKNTtKk1xWBP2st_4r2sCwr9WP8Bkcc2akxRu9Lhm6e06tXr0Leid-vuTV2R8Y1j1O3Fiu7GzHTIEHYT2BXt9Fq70X0PMIT7PxViPk8IIM9ACHrvUbhHoFYiOhmgYJMb7_HIlsKLTmsX5YR_yfOqWdqBgCqnT0EwU8RPv8Xpp5edVEdgw9nVdD6-HMhhoNuQjfgPhFK5e4HbUo.fvPXU7Q4tuvUqglV8w3PuULjOvo0Ve0GMNMscogM9LE&dib_tag=se&keywords=wishcare%2Brose%2Bwater&qid=1710773977&sprefix=WishCare%2Brose%2Caps%2C237&sr=8-1-spons&sp_csd=d2lkZ2V0TmFtZT1zcF9hdGY&th=1&linkCode=sl1&tag=samaptibanerj-21&linkId=954297c37c2b913dea24e82c01bf9873&language=en_IN&ref_=as_li_ss_tl,https://m.media-amazon.com/images/I/61h4UK8vgQL._SL1500_.jpg
"Dry,Normal",Cos-IQ FC 2 Face Cleanser,Hydration,https://www.netmeds.com/non-prescriptions/cos-iq-fc-2-face-cleanser-for-dry-skin-hydrating-face-wash-with-salicylic-acid-2-percent-ww-non-comedogenic-non-irritating-formula-for-unisex-100-ml,https://www.netmeds.com/images/product-v1/600x600/1079220/cos_iq_fc_2_face_cleanser_for_dry_skin_hydrating_face_wash_with_salicylic_acid_2_percent_ww_non_comedogenic_non_irritating_formula_for_unisex_100_ml_541346_0_0.jpg
Sensitive,Vilvah Store Face Wash Cream,Skin soothing,https://www.amazon.in/Fragrance-free-Sensitive-Protects-Nourishes-Silicones/dp/B09QYTJPX9?&linkCode=sl1&tag=samaptibanerj-21&linkId=645ecedf899952ff6d3059b9ea79c5ae&language=en_IN&ref_=as_li_ss_tl,https://m.media-amazon.com/images/I/51CR0LfffsL._SL1000_.jpg
"Normal,Dry,Combination,Oily,Sensitive",VAUNT Calendula + Vitamin B5 Cloud Cleanser,Broken barrier,"https://www.amazon.in/VAUNT-Non-foaming-Anti-oxidant-Anti-inflammatory-Cruelty-free/dp/B07PSGYRQR?crid=18YQ9QA34YINI&keywords=Vaunt&qid=1671126167&s=beauty&sprefix=vaunt+,beauty,241&sr=1-8&linkCode=sl1&tag=samaptibanerj-21&linkId=e477bf63a98639edcef78635d0a96ca6&language=en_IN&ref_=as_li_ss_tl",https://m.media-amazon.com/images/I/61PIRrxYSqL._SL1500_.jpg
"Normal,Dry,Combination",Glownise Face Wash,"Pigmentation,Exfoliation",https://www.apollopharmacy.in/otc/glownise-face-wash-60ml?utm_source=google&utm_medium=srnb&campaignid=17280487350&adgroupid=&keyword=&device=m&adtype=pla&product_id=GLO0589&utm_campaign=Pmax_Pharma_ROI&utm_content=%5Badgroup%5D&gad_source=1&gclid=EAIaIQobChMIha6I4byogwMVe2QPAh21egSiEAQYASABEgKQ6fD_BwE,https://images.apollo247.in/pub/media/catalog/product/G/L/GLO0589_1_1.jpg
Dry,Aquaoat Emcure Aqua Oat Moisturizing Cream,"Hydration,Skin soothing,Irritation",https://www.amazon.in/dp/B0BSLF2RXJ?tag=in_cs_fip_994-oct23-v2-21&ref=in_cs_fip_994-oct23-v2-21&th=1,https://m.media-amazon.com/images/I/614gwYFcJoL._SL1500_.jpg
Sensitive,Episoft Cleansing Lotion for Sensitive Skin,Irritation,https://www.1mg.com/otc/episoft-cleansing-lotion-for-sensitive-skin-lotion-otc311850,https://m.media-amazon.com/images/I/41Zwb9wns3L._SL1000_.jpg
"Normal,Dry,Combination,Oily,Sensitive",Nioglow Foaming Face Wash,"Acne,Dark Spots",https://www.1mg.com/otc/nioglow-foaming-face-wash-ph-balanced-otc179330,"https://onemg.gumlet.io/l_watermark_346,w_690,h_700/a_ignore,w_690,h_700,c_pad,q_auto,f_auto/cropped/m4buriggc1nylmnozxxh.jpg"
Oily,Sebonac Face Wash,Exfoliation,https://dermatics.in/products/sebonac-face-wash-75gm,https://cdn.shopify.com/s/files/1/0594/0297/7442/files/AW.jpg?v=1696507321
"Oily,Combination",Clensta Red Aloe Vera Oil Control Face Wash,"Acne,Pores",https://www.amazon.in/dp/B0CKTN2XPJ/ref=sspa_dk_detail_1?psc=1&pd_rd_i=B0CKTN2XPJ&pd_rd_w=eAb2x&content-id=amzn1.sym.b4e5ca1f-7c9f-49a0-abff-111b926d76ce&pf_rd_p=b4e5ca1f-7c9f-49a0-abff-111b926d76ce&pf_rd_r=4DC0BZHQ1ZC5WY4EX8R5&pd_rd_wg=RZ85i&pd_rd_r=84119f59-e06e-43be-993c-fde390a33300&s=beauty&sp_csd=d2lkZ2V0TmFtZT1zcF9kZXRhaWxfdGhlbWF0aWM,https://m.media-amazon.com/images/I/51XT5NMFs4L._SL1500_.jpg
"Normal,Dry,Combination,Oily,Sensitive","Clensta Red Aloe Vera Exfoliating Face Scrub With 3% Walnut Shell, lactic Acid & Vitamin E","Exfoliation,Whitehead/Blackhead",https://www.amazon.in/Clensta-Exfoliating-Walnut-Removes-Brighten/dp/B0BGBT71YZ/ref=bmx_dp_oh1k23oo_d_sccl_2_2/259-3625446-4961151?pd_rd_w=PGIYw&content-id=amzn1.sym.6d4c9662-5d86-4cdb-a53a-2ec55003ff87&pf_rd_p=6d4c9662-5d86-4cdb-a53a-2ec55003ff87&pf_rd_r=HE0HM4APZXG6S2TGKB13&pd_rd_wg=mw5A8&pd_rd_r=acbfd5eb-3e57-478c-9bb9-426aa11eec44&pd_rd_i=B0BGBT71YZ&th=1,https://m.media-amazon.com/images/I/610FIY2FDFL._SL1500_.jpg
"Dry,Normal",Clensta Red Aloe Vera Moisturizing Face Wash,"Broken barrier,Hydration",https://www.amazon.in/Clensta-Moisturizing-Hyaluronic-Hydrating-Refreshing/dp/B0CKVPPX1H?ref_=ast_sto_dp,https://m.media-amazon.com/images/I/61RCWIEIJ6L._SL1500_.jpg
"Sensitive,Dry",SkinQ Hydrate & Nourish Mask,"Broken barrier,Hydration",https://skinq.com/products/hydrate-nourish-mask-60g?variant=43914436772060&currency=INR&gclid=CjwKCAjwvpCkBhB4EiwAujULMs4u2_luvf4_KBNTNy62-sHuEKNu6NcPo8iv6oyr8aHKk4pZFjRMbRoCp8QQAvD_BwE,https://vanitywagon.in/cdn/shop/products/SkinQ_Hydrate_Nourish_Face_Mask_With_Ceramides_Squala-1_1080x1080.jpg?v=1706607117
"Oily,Combination",SkinQ Acne & Oil Control Serum,"Pimples,Acne,Whitehead/Blackhead",https://skinq.com/products/oil-acne-control-elixir-serum-30-ml-best-for-oily-skin,"https://m.media-amazon.com/images/I/61ShuKW9SZL._AC_UF1000,1000_QL80_.jpg"
"Combination,Oily,Sensitive",Dermoys 365 Lotion,Irritation,https://www.apollopharmacy.in/otc/dermoys-365-lotion-100ml?utm_source=google&utm_medium=ss&campaignid=13258248171&adgroupid=120125018862&keyword=&device=m&adtype=&product_id=DER0414&utm_campaign=Farming_Smart-Shopping_P2City-+All_26+May_pharmacy.in&utm_content=PAN+INDIA&gclid=Cj0KCQjw6pOTBhCTARIsAHF23fISG8jPCNTuflprWlK36_NBvYJRHSaytobsFUopZy_8GcEqPs_FRi0aAmjYEALw_wcB,https://www.clickoncare.com/cdn/shop/files/DER0414_3_1.jpg?v=1691406621
"Normal,Dry,Combination,Oily,Sensitive",MFine 3% Tranexamic Acid Serum,Pigmentation,https://www.mfine.co/skincare/products/mfine-3-tranexamic-acid-serum?utm_source=google&utm_medium=cpc&utm_campaignid=21042786868&utm_agid=&keyword=&matchtype=&utm_term=&utm_campaign=&network=x&gad_source=1&gclid=Cj0KCQjwwYSwBhDcARIsAOyL0fj5yJdUd4Y_ZdqPxTl_V8JTwfkFuVIadGRKiY_BpyBAKNcP9wXKMKcaAsS_EALw_wcB,"https://assets.mfine.co/api/contentservice/attachments/download/catalog-manager/d2c/images/3-Serum-Tranexamic-Acid-01-V4.jpg/w_352,h_410"
"Oily,Combination",MFine 1% Salicylic Acid Foaming Cleanser,"Acne,Whitehead/Blackhead",https://www.mfine.co/skincare/products/mfine-1-salicylic-acid-foaming-cleanser?utm_source=google&utm_medium=cpc&utm_campaignid=21042786868&utm_agid=&keyword=&matchtype=&utm_term=&utm_campaign=&network=x&gad_source=1&gclid=Cj0KCQjwwYSwBhDcARIsAOyL0fjEGke94qY5y2hyQkI48zZDuQiAHf8dOq0ZV4pIhUaAI3KY_laS4wMaAtWfEALw_wcB,"https://assets.mfine.co/api/contentservice/attachments/download/catalog-manager/d2c/images/1-Salicylic-Acid-Foaming-Cleanser-01-V4.jpg/w_352,h_410"
"Oily,Combination",MFine Sunscreen Gel SPF 50/PA++,Sun protection,https://www.mfine.co/skincare/products/mfine-sunscreen-gel-spf-50pa?utm_source=google&utm_medium=cpc&utm_campaignid=21042786868&utm_agid=&keyword=&matchtype=&utm_term=&utm_campaign=&network=x&gad_source=1&gclid=Cj0KCQjwzZmwBhD8ARIsAH4v1gWLFqEIyhmAmuscPA_DIuZ6mmg_Afc2sPDYN_-EGeFfLdcODc1x-fQaAruuEALw_wcB,"https://assets.mfine.co/api/contentservice/attachments/download/catalog-manager/d2c/images/Sunscreen-Gel-SPF-50PA-01-V4.jpg/w_352,h_410"
"Normal,Dry,Combination,Oily,Sensitive",MFine 10% Niacinamide Serum,"Pores,Dark Spots",https://www.mfine.co/skincare/products/mfine-10-niacinamide-serum?utm_source=google&utm_medium=cpc&utm_campaignid=21042786868&utm_agid=&keyword=&matchtype=&utm_term=&utm_campaign=&network=x&gad_source=1&gclid=Cj0KCQjwzZmwBhD8ARIsAH4v1gWGuOY1OIXHQ7wZ98636oKk4m5UUPsOMSgvYKLXjbK0LKHtHvHqcs4aAp2zEALw_wcB,"https://assets.mfine.co/api/contentservice/attachments/download/catalog-manager/d2c/images/10-Niacinamide-Serum-01-V4.jpg/w_352,h_410"
"Normal,Dry,Sensitive",MFine 1% Lactic Acid Foaming Cleanser,Exfoliation,https://www.mfine.co/skincare/products/mfine-1-lactic-acid-foaming-cleanser?utm_source=google&utm_medium=cpc&utm_campaignid=21042786868&utm_agid=&keyword=&matchtype=&utm_term=&utm_campaign=&network=x&gad_source=1&gclid=Cj0KCQjwzZmwBhD8ARIsAH4v1gV1mzaLJo0jDCpcQExo0B9pDIKpC3ghsS-BAhxu9UyX1xttDIOePzsaApYyEALw_wcB,"https://assets.mfine.co/api/contentservice/attachments/download/catalog-manager/d2c/images/1-Lactic-Acid-Foaming-Cleanser_01_V4.jpg/w_352,h_410"
"Normal,Dry,Combination,Oily,Sensitive",MFine 20% Vitamin C + 1% Ferulic Acid Serum,Pigmentation,https://www.mfine.co/skincare/products/mfine-20-vitamin-c-1-ferulic-acid-serum?utm_source=google&utm_medium=cpc&utm_campaignid=21042786868&utm_agid=&keyword=&matchtype=&utm_term=&utm_campaign=&network=x&gad_source=1&gclid=Cj0KCQjwzZmwBhD8ARIsAH4v1gU4iYbHz1_hWokFCSmOfRVXSiLr2DutvFhWps-U9-5IYIyOrSl7UqAaAl9IEALw_wcB,"https://assets.mfine.co/api/contentservice/attachments/download/catalog-manager/d2c/images/20-Vitamin-C-1-Ferulic-Acid-Serum-01-V4.jpg/w_352,h_410"
"Oily,Combination",MFine 1% Mandelic Acid Exfoliation Cleanser,Exfoliation,https://www.mfine.co/skincare/products/mfine-1-mandelic-acid-exfoliating-cleanser?,"https://assets.mfine.co/api/contentservice/attachments/download/catalog-manager/d2c/images/1-Mandelic-Acid-Exfoliating-Cleanser-01-V4.jpg/w_352,h_410"
"Normal,Dry,Combination,Oily,Sensitive","Dermabay Hydrating Serum- Hyaluronic acid with Epidermosil, Centella Asiatica Extract, Dolcevia, Niacinamide",Hydration,https://dermabay.in/products/hydrating-serum-hyaluronic-acid-with-epidermosil-centella-asiatica-extract-dolcevia-niacinamide,https://dermabay.in/cdn/shop/files/big1.png?v=1705665404&width=1200
"Normal,Dry,Combination,Oily,Sensitive","Dermabay Hydrating Moisturizer with Ceramides, Niacinamide, Olivem & Glycerin",Hydration,https://dermabay.in/products/hydrating-moisturizer,https://dermabay.in/cdn/shop/files/Mosturizerwithpacket.jpg?v=1688447836&width=1155
"Dry,Sensitive",MFine Gentle Milk Cleanser,Pigmentation,https://www.mfine.co/skincare/products/mfine-gentle-milk-cleanser?,"https://assets.mfine.co/api/contentservice/attachments/download/catalog-manager/d2c/images/Gentle-Milk-Cleanser-01-V4.jpg/w_352,h_410"
"Normal,Dry,Combination,Oily,Sensitive",Dermabay Niacinamide 5%+ Hyaluronic Acid 1% Serum,"Pores,Dark Spots",https://dermabay.in/products/best-niacinamide-serum,https://dermabay.in/cdn/shop/files/Niacianamide.webp?v=1695713825&width=1155
"Normal,Dry,Combination,Oily,Sensitive",Dermabay Vitamin C 15% + Hyaluronic Acid 1% Serum,Pigmentation,https://dermabay.in/products/vitamin-c-15-hyaluronic-acid-1-serum,https://dermabay.in/cdn/shop/files/Artboard1_25.webp?v=1705299690&width=1080
"Normal,Dry,Combination,Oily,Sensitive","Dermabay Brightening Serum with Kojic Acid, Alpha Arbutin, Tranexamic Acid, Azelaic Acid","Pigmentation,Dark Spots",https://dermabay.in/products/kojic-acid-serum,https://dermabay.in/cdn/shop/files/Newvitaminc_1.webp?v=1709035147&width=1080
"Normal,Dry,Combination,Oily,Sensitive","Dermabay Sunscreen with Tetrahydrocurcumin, Methoxyphenyl Triazine, SPF 50, PA++++ | No white cast",Sun protection,https://dermabay.in/products/sunscreen,https://dermabay.in/cdn/shop/files/Sunscreen.webp?v=1695715170&width=1155
"Normal,Dry,Combination,Oily,Sensitive",MFine 2% Peptides Serum,"Broken barrier, Hydration",https://www.mfine.co/skincare/products/mfine-2-peptides-serum?,"https://assets.mfine.co/api/contentservice/attachments/download/catalog-manager/d2c/images/2-Peptides-Serum-06-V4.jpg/w_352,h_410"
"Oily,Combination",Dermabay Foaming Facewash with Salicylic Acid & Zinc PCA,Acne,https://dermabay.in/products/foaming-facewash,https://dermabay.in/cdn/shop/files/ProductImages.webp?v=1709034904&width=1155